標題,商品介紹,價格,圖片連結
LoveLive! 九週年藍光紀念盒,Blu-ray［4枚組］,16000,https://imagedelivery.net/cdkaXPuFls5qlrh3GM4hfA/c27c6b5f-3cd7-460b-3ebb-324d45975000/public
HISTORY OF LoveLive!,內容收錄了電擊雜誌2010/07-2013/02有關LoveLive的內容,790,https://imagedelivery.net/cdkaXPuFls5qlrh3GM4hfA/ae7de144-6ed3-49d7-5fd7-ea306bab8a00/public
HISTORY OF LoveLive! 2,內容收錄了電擊雜誌2013/03-2014/05有關LoveLive的內容,1000,https://imagedelivery.net/cdkaXPuFls5qlrh3GM4hfA/4e77b192-f7fc-4e0c-1501-4428b7da9600/public
HISTORY OF LoveLive! 3,內容收錄了電擊雜誌2014/06-2015/07有關LoveLive的內容,1280,https://imagedelivery.net/cdkaXPuFls5qlrh3GM4hfA/bdfdd1fa-6376-45b9-4b88-fa2c4e3f7b00/public
HISTORY OF LoveLive! 4,內容收錄了電擊雜誌2015/08-2017/03有關LoveLive的內容,1800,https://imagedelivery.net/cdkaXPuFls5qlrh3GM4hfA/2d9c04c8-22fe-4693-c938-c2a869693c00/public
LoveLive! The School Idol Movie 藍光,含特典: 海報、本預告、公開記念PV,2200,https://imagedelivery.net/cdkaXPuFls5qlrh3GM4hfA/0a17634b-5e45-4977-417f-b0d8f402f700/public
LoveLive! School idol diary (1),輕小說版《LoveLive! School idol diary》的漫畫版,120,https://imagedelivery.net/cdkaXPuFls5qlrh3GM4hfA/4ffc0c05-723e-4cd1-7f03-be16a3cabf00/public
LoveLive! School idol diary (2),輕小說版《LoveLive! School idol diary》的漫畫版,120,https://imagedelivery.net/cdkaXPuFls5qlrh3GM4hfA/e9598dc0-414e-4701-0d58-9316b1040300/public
LoveLive! School idol diary (3),輕小說版《LoveLive! School idol diary》的漫畫版,120,https://imagedelivery.net/cdkaXPuFls5qlrh3GM4hfA/41d46834-361c-4c3e-0322-fc73f2cdab00/public
LoveLive! 園田海未 figure,2017年4月發售,4740,https://imagedelivery.net/cdkaXPuFls5qlrh3GM4hfA/22593350-1eca-45c0-b9ea-4b6bc12df900/public
luz「FAITH」教典盤,luz、待望の4th Album。CD+DVD+コンセプトブック+オリジナルグッズ,3390,https://imagedelivery.net/cdkaXPuFls5qlrh3GM4hfA/645f6a64-2f1a-4d19-2174-4fe053db5100/public
ひきこもりでもLIVEがしたい！～すーぱーまふまふわーるど2019,"まふまふ 待望のメットライフドームワンマン映像化！
約35,000人が熱狂した、初のLIVE映像作品がDVD/BDで発売決定！",1482,https://imagedelivery.net/cdkaXPuFls5qlrh3GM4hfA/1dc05436-41d3-4ca2-83be-587dc4818200/public
米津玄師/Pale Blue,米津玄師、TBSドラマ「リコカツ」主題歌「Pale Blue」をシングルリリース!,702,https://imagedelivery.net/cdkaXPuFls5qlrh3GM4hfA/c3fd28cd-30f1-464c-6b7f-7484c7817700/public
プロジェクトセカイ カラフルステージ! feat.初音ミク/Vivid BAD SQUAD RAD DOGS/シネマ,"Vivid BAD SQUADが2nd Singleをリリース！
スマホゲームプロジェクト「プロジェクトセカイ カラフルステージ！ feat. 初音ミク」で人気の書き下ろし楽曲『RAD DOGS』、『シネマ』が収録されています。",546,https://imagedelivery.net/cdkaXPuFls5qlrh3GM4hfA/3ef64fdb-4482-4928-bfec-3abef0322200/public
【CD】【文豪Stray Dogs】第3シーズン ED「Lily」,日本發售日：2019/05/08,507,https://imagedelivery.net/cdkaXPuFls5qlrh3GM4hfA/48c0b20d-fc4b-49a7-86af-ee4aefd9f100/public
そらる/ゆめをきかせて, CD + DVD,975,https://imagedelivery.net/cdkaXPuFls5qlrh3GM4hfA/2fafcb0a-6b68-430f-216b-b505f7d7f100/public
Paradox Live 1st album “TRAP”,「Paradox Live」初のフルアルバム！作品史上初となる全キャラクターによる楽曲も収録！,1560,https://imagedelivery.net/cdkaXPuFls5qlrh3GM4hfA/d943934d-cc63-4248-8ee6-d94366206d00/public
葛葉/Sweet Bite,♪. オリジナル楽曲6曲＋インスト6曲の計12曲収録,702,https://imagedelivery.net/cdkaXPuFls5qlrh3GM4hfA/503a952a-6427-4abc-3cf2-9e66f8aebb00/public
Ado/狂言 初回限定 DVD&書籍盤,Ado、待望のファーストアルバム発売決定!!,1560,https://imagedelivery.net/cdkaXPuFls5qlrh3GM4hfA/c9f8edda-13a1-4514-7133-d11d56472400/public
【影音】劇場版 紫羅蘭永恆花園,日本預計發售日：2021/10/13(原2021/8/4延期),3042,https://imagedelivery.net/cdkaXPuFls5qlrh3GM4hfA/3420bd23-9959-436f-33f9-a050abc28d00/public
